{"motors": {"xMotor": {"maxSpeed": 67.3570132240073, "minWaitTime": 0.0012}, "yMotor": {"maxSpeed": 67.3570132240073, "minWaitTime": 0.0012}}}